frame_number,cpu_time_ms,ppu_time_ms,ppu_oam_scan_time_ms,ppu_draw_pixels_time_ms,ppu_hblank_time_ms,ppu_vblank_time_ms,mmio_time_ms,lcd_time_ms,sdl_events_time_ms,debugger_time_ms,interrupt_time_ms,other_time_ms,total_frame_time_ms
1,3.0672,0.5735,1.7015,22.8369,3.0689,9.7774,0.6064,0.0000,2.9307,0.5437,0.4911,0.0000,45.5976
2,1.8957,0.3381,2.6593,23.1266,2.9578,0.8466,0.3544,0.0000,0.4980,0.3052,0.2685,0.0000,33.2504
3,1.5376,0.2842,1.2526,17.0619,2.2347,0.8135,0.3215,0.0000,0.0359,0.2757,0.2348,0.0000,24.0525
4,1.7507,0.2822,1.5161,20.6291,3.3350,1.1354,0.2941,0.0000,0.0240,0.2621,0.2254,0.0000,29.4544
5,1.5789,0.2565,1.3246,17.8860,2.4263,1.0696,0.2661,0.0000,0.0224,0.2365,0.2103,0.0000,25.2774
6,1.6641,0.2698,1.4406,20.0040,2.6129,1.0714,0.2827,0.0000,0.0161,0.2475,0.2191,0.0000,27.8285
7,1.3134,0.2324,1.1447,15.4323,2.0864,0.8707,0.2379,0.0000,0.0193,0.2113,0.1887,0.0000,21.7376
8,1.6409,0.2705,1.4381,19.3702,2.6180,0.7788,0.2839,0.0000,0.0159,0.2353,0.2137,0.0000,26.8655
9,1.7977,0.2967,1.5654,21.1722,2.8395,1.2972,0.3027,0.0000,0.0214,0.2618,0.2315,0.0000,29.7863
10,1.5708,0.2627,1.3430,18.3179,2.4257,0.7738,0.2709,0.0000,0.0166,0.2405,0.2139,0.0000,25.4361
11,1.6788,0.2690,1.4474,19.6685,2.6455,0.9339,0.2807,0.0000,0.0215,0.2429,0.2153,0.0000,27.4038
12,1.1903,0.2082,1.0145,13.2342,1.8381,0.6999,0.2173,0.0000,0.0140,0.2004,0.1791,0.0000,18.7961
13,1.2871,0.2212,1.1323,15.1858,2.0538,0.7449,0.2357,0.0000,0.0158,0.2045,0.1832,0.0000,21.2645
14,1.8404,0.2760,1.6248,22.0139,2.9534,0.9224,0.2986,0.0000,0.0211,0.2522,0.2209,0.0000,30.4238
15,1.7471,0.2762,1.5210,20.4872,2.7387,1.0658,0.2928,0.0000,0.0197,0.2536,0.2240,0.0000,28.6262
16,1.2873,0.2240,1.0950,14.4540,1.9831,0.7172,0.2345,0.0000,0.0116,0.2136,0.1928,0.0000,20.4132
17,1.2868,0.2168,1.1307,14.7006,2.0796,0.7835,0.2283,0.0000,0.0158,0.2044,0.1845,0.0000,20.8311
18,1.5725,0.2538,1.3605,18.3733,2.4756,0.7680,0.2702,0.0000,0.0130,0.2383,0.2089,0.0000,25.5341
19,1.6655,0.2663,1.4463,19.4384,2.5951,0.7871,0.2827,0.0000,0.0119,0.2558,0.2179,0.0000,26.9671
20,1.0741,0.1996,0.9461,12.1583,1.7384,0.5190,0.2183,0.0000,0.0103,0.1928,0.1775,0.0000,17.2345
21,1.3892,0.2212,1.2325,16.3633,2.2500,0.7853,0.2360,0.0000,0.0210,0.2209,0.1834,0.0000,22.9030
22,1.6198,0.2574,1.4144,19.0700,2.5500,0.8735,0.2718,0.0000,0.0150,0.2293,0.1973,0.0000,26.4986
23,1.4628,0.2353,1.2932,17.0102,2.2651,1.1949,0.2443,0.0000,0.0123,0.2196,0.1889,0.0000,24.1268
24,1.1467,0.1993,1.0297,13.4165,1.9946,0.7353,0.2146,0.0000,0.0171,0.1925,0.1711,0.0000,19.1176
25,1.6488,0.2594,1.4252,19.1157,2.5687,0.9083,0.2687,0.0000,0.0170,0.2322,0.2042,0.0000,26.6482
26,1.8394,0.2915,1.7325,21.4895,2.9097,0.8559,0.3002,0.0000,0.0158,0.2620,0.2257,0.0000,29.9225
27,1.3508,0.2313,1.1340,14.9686,2.1182,1.0766,0.2409,0.0000,0.0174,0.2172,0.1948,0.0000,21.5500
28,1.7382,0.2733,1.5180,20.3887,2.7396,1.0088,0.2837,0.0000,0.0167,0.2426,0.2123,0.0000,28.4220
29,1.3990,0.2395,1.2520,16.7480,2.3380,0.8448,0.2550,0.0000,0.0188,0.2211,0.1981,0.0000,23.5143
30,1.2312,0.2159,1.0487,13.4499,1.9120,0.7214,0.2255,0.0000,0.0148,0.2197,0.1957,0.0000,19.2351
31,1.3577,0.2315,1.2166,15.9394,2.2240,0.6042,0.2462,0.0000,0.0192,0.2144,0.1928,0.0000,22.2463
32,1.6613,0.2842,1.4225,19.2811,2.5823,0.8017,0.2836,0.0000,0.0197,0.2428,0.2147,0.0000,26.7941
33,1.3964,0.2402,1.1961,15.7462,2.1712,0.7972,0.2468,0.0000,0.0138,0.2215,0.1984,0.0000,22.2283
34,1.0557,0.1952,0.9355,11.9047,1.7001,0.4843,0.2018,0.0000,0.0102,0.1943,0.1724,0.0000,16.8545
35,1.5085,0.2421,1.3520,18.5197,2.4503,0.5783,0.2541,0.0000,0.0155,0.2234,0.1899,0.0000,25.3340
36,1.6894,0.2629,1.4708,19.5558,2.6234,1.0734,0.2735,0.0000,0.0247,0.2362,0.2082,0.0000,27.4186
37,1.4153,0.2378,1.1913,15.7441,2.1509,0.7891,0.2440,0.0000,0.0134,0.2206,0.2105,0.0000,22.2173
38,1.0213,0.1935,0.9182,11.5307,1.6944,0.5734,0.1997,0.0000,0.0118,0.1899,0.1758,0.0000,16.5087
39,0.9311,0.1782,0.8113,10.2339,1.4977,0.4818,0.1774,0.0000,0.0114,0.1669,0.1535,0.0000,14.6433
40,0.9912,0.1756,0.8509,10.9585,1.5578,0.6563,0.1867,0.0000,0.0157,0.1669,0.1639,0.0000,15.7235
41,1.4527,0.2285,1.2552,17.2459,3.8438,0.9828,0.2586,0.0000,0.0163,0.2211,0.1846,0.0000,25.6897
42,1.6810,0.2591,1.4236,19.5926,2.5996,0.8279,0.2737,0.0000,0.0197,0.2309,0.2071,0.0000,27.1155
43,1.2430,0.2137,1.0422,13.2696,1.8830,1.0964,0.2207,0.0000,0.0251,0.2020,0.1833,0.0000,19.3792
44,1.7399,0.2680,1.4798,20.2116,2.6640,0.8594,0.2757,0.0000,0.0178,0.2436,0.2136,0.0000,27.9736
45,1.5959,0.2751,1.3803,18.6624,2.5474,0.7696,0.2706,0.0000,0.0116,0.3001,0.2188,0.0000,26.0319
46,1.0892,0.2066,0.9793,12.5173,1.7905,0.5487,0.2140,0.0000,0.0123,0.2004,0.1852,0.0000,17.7437
47,1.4534,0.2474,1.3084,17.3070,2.3627,0.5219,0.2664,0.0000,0.0222,0.2314,0.2088,0.0000,23.9298
48,1.5893,0.2560,1.4059,18.8588,2.5492,0.5556,0.2651,0.0000,0.0121,0.2342,0.2036,0.0000,25.9301
49,1.5140,0.2545,1.3476,18.1314,2.4475,0.6089,0.2644,0.0000,0.0147,0.2348,0.2069,0.0000,25.0250
50,1.1597,0.2065,1.0141,13.2321,1.8725,0.7001,0.2203,0.0000,0.0196,0.1993,0.1788,0.0000,18.8031
51,1.6262,0.2538,1.4203,19.1278,2.5581,1.3478,0.2690,0.0000,0.0212,0.2423,0.2049,0.0000,27.0719
52,1.6039,0.2579,1.3792,18.5123,2.5232,0.7560,0.2711,0.0000,0.0161,0.2413,0.2138,0.0000,25.7749
53,1.1277,0.2130,0.9944,12.7024,1.8310,0.5815,0.2167,0.0000,0.0136,0.2047,0.1861,0.0000,18.0713
54,1.3837,0.2292,1.1845,15.7313,2.1700,1.1566,0.2367,0.0000,0.0186,0.2096,0.1864,0.0000,22.5067
55,1.5939,0.2560,1.3893,18.5456,2.5087,0.9566,0.2796,0.0000,0.0213,0.2431,0.2081,0.0000,26.0023
56,1.4294,0.2412,1.2102,16.8382,2.2088,0.8006,0.2567,0.0000,0.0140,0.2267,0.2041,0.0000,23.4302
57,1.0908,0.2045,0.9655,12.1905,1.7839,0.5711,0.2105,0.0000,0.0133,0.1969,0.1809,0.0000,17.4080
58,1.6613,0.2565,1.5921,19.7145,2.6979,0.7934,0.2851,0.0000,0.0168,0.2470,0.2118,0.0000,27.4766
59,1.6341,0.2629,1.4172,19.0301,2.5885,0.7575,0.2729,0.0000,0.0112,0.2468,0.2073,0.0000,26.4286
60,1.2001,0.2150,1.0542,13.8846,1.9407,0.5874,0.2295,0.0000,0.0143,0.2045,0.1860,0.0000,19.5165
61,1.1425,0.1972,0.9848,12.7402,1.8079,0.6910,0.2105,0.0000,0.0159,0.1876,0.1698,0.0000,18.1476
62,1.6597,0.2581,1.4117,19.3321,2.5594,0.8809,0.2692,0.0000,0.0146,0.2301,0.2018,0.0000,26.8177
63,1.4897,0.2433,1.3099,17.4927,2.3642,0.7152,0.2572,0.0000,0.0131,0.2251,0.2001,0.0000,24.3106
64,1.2433,0.2161,1.0660,14.1033,1.9352,0.6427,0.2232,0.0000,0.0131,0.2028,0.1812,0.0000,19.8270
65,1.4172,0.2257,1.2512,16.8073,2.2780,0.8227,0.2400,0.0000,0.0204,0.2178,0.1863,0.0000,23.4668
66,1.7821,0.2711,1.4776,20.1113,2.7067,1.1009,0.2805,0.0000,0.0275,0.2641,0.2086,0.0000,28.2309
67,1.6315,0.2599,1.3781,18.6628,2.5077,0.7746,0.2708,0.0000,0.0339,0.2288,0.2037,0.0000,25.9520
68,1.3318,0.2153,1.1260,14.5699,2.0324,0.9192,0.2302,0.0000,0.1041,0.2022,0.1820,0.0000,20.9132
69,1.6431,0.2545,1.4189,19.1559,2.5549,1.0821,0.2694,0.0000,0.1640,0.2327,0.2137,0.0000,26.9894
70,1.6882,0.2685,1.4587,19.4221,2.6397,0.7725,0.2962,0.0000,0.0277,0.2480,0.2241,0.0000,27.0457
71,1.0710,0.1990,0.9370,11.9858,1.7357,0.5328,0.2053,0.0000,0.0237,0.1963,0.1781,0.0000,17.0651
72,1.6392,0.2482,1.3994,19.1312,2.5588,0.7678,0.2634,0.0000,0.0682,0.2277,0.2012,0.0000,26.5054
73,1.7341,0.2681,1.4808,20.1843,2.7266,1.6790,0.2897,0.0000,0.0864,0.2535,0.2175,0.0000,28.9203
74,1.4427,0.2356,1.2299,15.5955,2.1699,1.1920,0.2458,0.0000,0.0266,0.2214,0.1993,0.0000,22.5589
75,1.2735,0.2113,1.1147,14.6603,2.0329,0.7210,0.2216,0.0000,0.0635,0.1989,0.1879,0.0000,20.6858
76,1.6191,0.2632,1.4013,18.6466,2.5487,1.1163,0.2735,0.0000,0.0247,0.2422,0.2162,0.0000,26.3520
77,1.5665,0.2562,1.3479,18.1021,2.4455,0.7472,0.2692,0.0000,0.0129,0.2422,0.2105,0.0000,25.2006
78,1.0694,0.2034,0.9720,12.2598,1.7446,0.5442,0.2147,0.0000,0.0136,0.1957,0.1807,0.0000,17.3984
79,1.4586,0.2356,1.3127,17.4707,2.3885,0.6635,0.2493,0.0000,0.0218,0.2170,0.1931,0.0000,24.2108
80,1.5954,0.2585,1.3702,18.3813,2.4977,1.0490,0.2647,0.0000,0.0220,0.2344,0.2052,0.0000,25.8787
81,1.3009,0.2163,1.0488,13.8050,1.9310,0.7880,0.2457,0.0000,0.0119,0.2064,0.1925,0.0000,19.7467
82,1.6281,0.2611,1.5096,19.9646,2.9038,0.8968,0.2788,0.0000,0.0213,0.2287,0.2071,0.0000,27.9001
83,1.6169,0.2478,1.3831,18.1223,2.4974,0.8727,0.2607,0.0000,0.0300,0.2292,0.2040,0.0000,25.4643
84,1.4141,0.2637,1.1729,15.8035,2.4884,0.7361,0.2407,0.0000,0.0259,0.2222,0.1974,0.0000,22.5650
85,1.4372,0.2484,1.2788,17.4457,2.4041,0.8511,0.2416,0.0000,0.0719,0.2122,0.1977,0.0000,24.3890
86,1.8316,0.2787,1.6345,21.4285,2.9224,1.3268,0.2907,0.0000,0.0479,0.2654,0.2160,0.0000,30.2426
87,1.5487,0.2512,1.3216,18.1591,2.5007,0.8245,0.2585,0.0000,0.0344,0.2264,0.2086,0.0000,25.3338
88,1.2728,0.2167,1.1198,14.7922,2.0277,0.6252,0.2278,0.0000,0.0323,0.2038,0.1842,0.0000,20.7025
89,1.6142,0.2599,1.4755,20.0406,2.5931,1.0651,0.2680,0.0000,0.0726,0.2562,0.2055,0.0000,27.8507
90,1.4266,0.2311,1.1567,15.6644,2.1402,0.8378,0.2475,0.0000,0.0270,0.2185,0.1930,0.0000,22.1429
91,1.4820,0.2295,1.2267,16.2528,2.2826,0.6657,0.2444,0.0000,0.0421,0.2115,0.1963,0.0000,22.8337
92,1.9980,0.2766,1.5299,20.6461,2.9739,1.0357,0.3152,0.0000,0.0174,0.2800,0.2215,0.0000,29.2945
93,1.7515,0.2779,1.5013,20.3096,2.7070,0.8942,0.2887,0.0000,0.0175,0.2492,0.2286,0.0000,28.2256
94,1.7347,0.2705,1.4801,20.3309,2.6537,1.1034,0.2798,0.0000,0.0209,0.2411,0.2104,0.0000,28.3259
95,1.5717,0.2537,1.3859,18.1533,2.4965,1.0050,0.2771,0.0000,0.0172,0.2308,0.2051,0.0000,25.5964
96,1.4819,0.2445,1.2589,17.0878,2.2907,0.8539,0.2624,0.0000,0.0198,0.2295,0.2057,0.0000,23.9352
97,2.3440,0.3078,1.4600,20.1932,2.7168,0.7240,0.2862,0.0000,0.0178,0.2353,0.3359,0.0000,28.6212
98,1.7462,0.2741,1.5123,20.3079,2.7139,0.7662,0.2997,0.0000,0.0145,0.2410,0.2125,0.0000,28.0884
99,1.6413,0.2639,1.4085,19.0025,2.5787,0.7861,0.2716,0.0000,0.0292,0.2351,0.2066,0.0000,26.4236
100,1.0230,0.1908,0.8946,11.4318,1.6705,0.4961,0.1965,0.0000,0.0276,0.1889,0.1706,0.0000,16.2905
101,1.4662,0.2252,1.2355,15.9971,2.2214,0.5567,0.2319,0.0000,0.0362,0.2038,0.1862,0.0000,22.3603
102,1.6287,0.2553,1.3998,18.8356,2.5359,0.7374,0.2647,0.0000,0.0513,0.2339,0.2049,0.0000,26.1477
103,1.3175,0.2261,1.1438,14.7833,2.0330,0.6757,0.2658,0.0000,0.0272,0.2147,0.1984,0.0000,20.8856
104,1.2270,0.2081,1.0772,13.8456,1.9361,0.8044,0.2179,0.0000,0.0641,0.2229,0.1787,0.0000,19.7822
105,1.5792,0.2477,1.3951,18.5170,2.5162,0.8902,0.2620,0.0000,0.0650,0.2272,0.2034,0.0000,25.9031
106,1.6417,0.2690,1.4763,19.3119,2.6475,0.7450,0.2807,0.0000,0.0141,0.2464,0.2180,0.0000,26.8508
107,1.4338,0.2436,1.2569,16.5373,2.2978,0.9424,0.2573,0.0000,0.0244,0.2300,0.2074,0.0000,23.4311
108,1.6724,0.2658,1.4364,19.2729,2.6226,1.0456,0.2828,0.0000,0.0177,0.2468,0.2172,0.0000,27.0803
109,2.2117,0.2641,1.3933,18.3192,2.5164,0.9790,0.2728,0.0000,0.0352,0.2487,0.2129,0.0000,26.4535
110,1.3680,0.2316,1.1777,15.3385,2.1448,0.8696,0.2460,0.0000,0.0155,0.2152,0.1924,0.0000,21.7995
111,1.6899,0.2686,1.4515,19.6162,2.6577,0.8621,0.2791,0.0000,0.0148,0.2544,0.2140,0.0000,27.3084
112,1.6509,0.2669,1.4397,19.4328,2.6324,0.7673,0.2823,0.0000,0.0204,0.2472,0.2201,0.0000,26.9601
113,1.3412,0.2380,1.1996,15.7284,2.1358,0.5839,0.2463,0.0000,0.0140,0.2224,0.2140,0.0000,21.9236
114,1.7682,0.2793,1.4793,20.0716,2.6724,1.0813,0.2862,0.0000,0.0164,0.2401,0.2133,0.0000,28.1084
115,1.6117,0.2576,1.4129,19.0685,2.6068,1.1280,0.2808,0.0000,0.0200,0.2545,0.2229,0.0000,26.8637
116,1.4777,0.2386,1.2396,17.1181,2.3266,0.7184,0.2452,0.0000,0.0103,0.2412,0.2069,0.0000,23.8228
117,1.2350,0.2457,1.1018,14.9249,2.0183,0.7174,0.2136,0.0000,0.0199,0.1913,0.1720,0.0000,20.8404
118,1.4624,0.2447,1.3617,17.1978,2.3424,0.7029,0.2547,0.0000,0.0109,0.2221,0.1936,0.0000,23.9935
119,1.2688,0.2203,1.1941,15.6906,2.0820,0.5490,0.2270,0.0000,0.0278,0.2062,0.2842,0.0000,21.7501
120,1.2755,0.1993,1.0245,13.1793,1.8186,0.5957,0.2051,0.0000,0.0342,0.1888,0.2065,0.0000,18.7276
121,1.6701,0.2564,1.4242,19.9064,2.6933,1.1847,0.2642,0.0000,0.0428,0.2249,0.1954,0.0000,27.8626
122,1.9373,0.2952,1.6669,23.0284,3.0407,1.0504,0.3135,0.0000,0.0818,0.2620,0.2286,0.0000,31.9051
123,1.7900,0.2898,1.5650,20.7665,2.8297,1.1699,0.3033,0.0000,0.0854,0.2635,0.2333,0.0000,29.2966
124,1.4216,0.2430,1.2036,16.0860,2.1987,0.8401,0.2555,0.0000,0.0278,0.2322,0.2072,0.0000,22.7159
125,1.4265,0.2397,1.2838,16.6351,2.3267,0.8208,0.2508,0.0000,0.0519,0.2294,0.2039,0.0000,23.4689
126,1.8081,0.2879,1.5774,21.0996,2.8531,0.8283,0.2944,0.0000,0.0359,0.2640,0.2253,0.0000,29.2740
127,1.7250,0.2789,1.4953,19.9932,2.7227,0.7641,0.2873,0.0000,0.0277,0.2594,0.2318,0.0000,27.7856
128,1.4403,0.2443,1.2785,16.8787,2.3718,0.9315,0.2555,0.0000,0.0641,0.2360,0.2050,0.0000,23.9059
129,1.7717,0.2847,1.5480,20.7697,2.8151,0.8561,0.2923,0.0000,0.0425,0.2627,0.2216,0.0000,28.8646
130,1.8024,0.2916,1.5731,21.2446,2.8640,0.8064,0.2954,0.0000,0.0370,0.2649,0.2250,0.0000,29.4046
131,1.4084,0.2383,1.1901,15.7028,2.1944,1.0235,0.2540,0.0000,0.1354,0.2261,0.2013,0.0000,22.5746
132,1.8190,0.2895,1.5801,21.1606,2.8688,0.8737,0.3074,0.0000,0.0391,0.2610,0.2291,0.0000,29.4285
133,1.7108,0.2765,1.4900,19.7895,2.7154,1.0573,0.2931,0.0000,0.0645,0.2592,0.2214,0.0000,27.8778
134,1.4241,0.2514,1.2353,16.2792,2.2433,0.7751,0.2567,0.0000,0.0143,0.2351,0.2074,0.0000,22.9220
135,1.4902,0.2504,1.3389,17.6110,2.4546,0.9372,0.2637,0.0000,0.0229,0.2443,0.2111,0.0000,24.8245
136,1.8342,0.2978,1.6234,22.0412,3.0565,0.7442,0.3031,0.0000,0.0160,0.2666,0.2317,0.0000,30.4148
137,1.5188,0.2723,1.3393,17.8552,2.4352,0.5582,0.2667,0.0000,0.0121,0.2417,0.2115,0.0000,24.7112
138,1.3918,0.2345,1.2335,16.1695,2.2700,0.7890,0.2474,0.0000,0.0173,0.2216,0.2005,0.0000,22.7753
139,1.4435,0.2417,1.2383,16.5860,2.2389,0.8087,0.2613,0.0000,0.0125,0.2258,0.2026,0.0000,23.2593
140,1.5935,0.2733,1.4140,19.1467,2.5693,0.5404,0.2749,0.0000,0.0124,0.2415,0.2162,0.0000,26.2822
141,1.1138,0.2176,0.9927,12.6600,1.8219,0.5495,0.2190,0.0000,0.0111,0.2102,0.1890,0.0000,17.9848
142,1.5852,0.2586,1.4108,18.7421,2.5638,0.9020,0.2771,0.0000,0.0216,0.2368,0.2159,0.0000,26.2140
143,1.5409,0.2575,1.3709,18.4944,2.5010,0.6315,0.2702,0.0000,0.0153,0.2378,0.2125,0.0000,25.5320
144,1.3895,0.2394,1.1950,15.9629,2.2262,0.7937,0.2514,0.0000,0.0167,0.2314,0.2193,0.0000,22.5257
145,1.3662,0.2335,1.2115,15.8336,2.1828,0.7929,0.2422,0.0000,0.0201,0.2181,0.2042,0.0000,22.3052
146,1.7270,0.2707,1.4598,19.8334,2.6621,0.8696,0.2866,0.0000,0.0159,0.2484,0.2198,0.0000,27.5934
147,1.5699,0.2642,1.3965,18.3562,2.5275,0.7465,0.2700,0.0000,0.0164,0.2381,0.2119,0.0000,25.5974
148,1.1173,0.2116,0.9891,12.8168,1.9351,0.5508,0.2226,0.0000,0.0282,0.2112,0.1875,0.0000,18.2703
149,1.5951,0.2565,1.4004,19.1199,2.6660,0.7770,0.2708,0.0000,0.0411,0.2375,0.2114,0.0000,26.5759
150,1.6565,0.2647,1.4199,19.2659,2.6377,0.8948,0.2797,0.0000,0.2748,0.2458,0.2179,0.0000,27.1579
151,1.6823,0.2703,1.4973,20.0664,2.6047,0.7571,0.3856,0.0000,0.0246,0.2789,0.3300,0.0000,27.8973
152,1.4929,0.2974,1.3214,17.8306,2.5454,0.7870,0.2495,0.0000,0.0727,0.2171,0.2147,0.0000,25.0291
153,1.7070,0.2765,1.4872,20.0430,2.6806,1.3378,0.2850,0.0000,0.0923,0.2434,0.2160,0.0000,28.3691
154,1.2934,0.2248,1.1147,15.0348,2.1017,0.9528,0.2436,0.0000,0.0307,0.2141,0.2032,0.0000,21.4140
155,1.2593,0.2204,1.1256,14.2058,2.0078,0.7436,0.2244,0.0000,0.0338,0.2037,0.1851,0.0000,20.2096
156,1.5268,0.2446,1.3137,17.7523,2.3727,0.7537,0.2484,0.0000,0.0252,0.2150,0.1891,0.0000,24.6417
157,1.6119,0.2551,1.3767,18.6888,2.5223,0.9906,0.2605,0.0000,0.0582,0.2388,0.1981,0.0000,26.2010
158,1.2439,0.2122,1.0199,13.4531,1.8505,0.7086,0.2198,0.0000,0.0099,0.2268,0.1801,0.0000,19.1249
159,1.0575,0.1884,0.8744,11.1977,1.6149,0.5390,0.2176,0.0000,0.0093,0.1832,0.1694,0.0000,16.0516
160,0.9049,0.1660,0.7735,9.8362,1.4221,0.4008,0.1720,0.0000,0.0059,0.1661,0.1497,0.0000,13.9972
161,0.8686,0.1671,0.7668,9.7968,1.4116,0.4186,0.1725,0.0000,0.0095,0.1592,0.1470,0.0000,13.9178
162,0.8990,0.1704,0.7810,9.9475,1.4567,0.5083,0.1736,0.0000,0.0092,0.1626,0.1504,0.0000,14.2588
163,0.8976,0.1709,0.8012,10.1524,1.4914,0.4268,0.1824,0.0000,0.0083,0.1650,0.1525,0.0000,14.4486
164,0.9348,0.1703,0.8080,10.3949,1.4999,0.4742,0.1842,0.0000,0.0120,0.1654,0.1521,0.0000,14.7959
165,1.5341,0.2340,1.3486,17.8932,2.4020,0.9009,0.2484,0.0000,0.0168,0.2296,0.1919,0.0000,24.9997
166,1.5069,0.2373,1.3130,17.2322,2.3467,1.0033,0.2682,0.0000,0.0616,0.2237,0.1958,0.0000,24.3888
167,1.2671,0.2191,1.0344,13.6720,1.8951,0.7749,0.2266,0.0000,0.0257,0.2081,0.1902,0.0000,19.5133
168,1.5778,0.2476,1.3963,18.3922,2.5526,0.7474,0.2627,0.0000,0.1010,0.2317,0.2056,0.0000,25.7151
169,1.5064,0.2469,1.3348,17.2809,2.3604,0.8177,0.2597,0.0000,0.0203,0.2296,0.2095,0.0000,24.2662
170,1.3294,0.2284,1.2209,15.4114,2.1243,0.5462,0.2385,0.0000,0.0310,0.2161,0.1963,0.0000,21.5426
171,1.4174,0.2403,1.2356,16.3484,2.2816,0.9490,0.2470,0.0000,0.1312,0.2207,0.2017,0.0000,23.2731
172,1.6604,0.2612,1.3867,19.2377,2.6387,0.9880,0.2781,0.0000,0.0628,0.2343,0.2080,0.0000,26.9560
173,1.5021,0.2418,1.2819,16.6942,2.2964,0.8546,0.2504,0.0000,0.0254,0.2221,0.2257,0.0000,23.5949
174,1.0378,0.1926,0.9109,11.7053,1.6414,0.5464,0.1978,0.0000,0.0263,0.1888,0.1703,0.0000,16.6179
175,1.4680,0.2222,1.2368,16.6388,2.2590,0.6500,0.2354,0.0000,0.0518,0.2053,0.1819,0.0000,23.1495
176,1.5552,0.2440,1.3301,18.0452,2.4249,0.7171,0.2625,0.0000,0.0229,0.2288,0.2073,0.0000,25.0383
177,1.7803,0.2795,1.5018,20.4832,2.7098,0.7177,0.2889,0.0000,0.0273,0.2522,0.2216,0.0000,28.2624
178,1.4689,0.2326,1.1849,15.8071,2.1929,0.9837,0.2528,0.0000,0.0534,0.2208,0.1928,0.0000,22.5902
179,1.5344,0.2405,1.2850,17.4676,2.5235,0.9443,0.2508,0.0000,0.1016,0.2160,0.1955,0.0000,24.7594
180,1.5397,0.2393,1.2835,17.1009,2.3590,0.7368,0.2519,0.0000,0.0249,0.2228,0.2069,0.0000,23.9660
181,1.0597,0.1984,0.9561,12.1088,1.7263,0.4974,0.2051,0.0000,0.0188,0.1919,0.1764,0.0000,17.1392
182,1.2866,0.2116,1.1037,14.6610,2.0408,0.7397,0.2214,0.0000,0.0551,0.2013,0.1780,0.0000,20.6993
183,1.6457,0.2579,1.3726,18.4569,2.4761,0.7923,0.2738,0.0000,0.0491,0.2193,0.1939,0.0000,25.7376
184,1.6794,0.2599,1.4066,18.8920,2.5384,0.9175,0.2636,0.0000,0.0210,0.2288,0.2161,0.0000,26.4233
185,1.0078,0.1828,0.8596,10.9645,1.5899,0.4836,0.1938,0.0000,0.0173,0.1809,0.1655,0.0000,15.6457
186,1.6100,0.2410,1.4106,18.5910,2.4871,0.6096,0.2573,0.0000,0.0518,0.2382,0.1971,0.0000,25.6938
187,1.7864,0.2805,1.4360,19.4820,2.5879,0.9056,0.2728,0.0000,0.0375,0.2381,0.2350,0.0000,27.2620
188,1.5641,0.2555,1.3375,17.9779,2.4339,0.7250,0.2747,0.0000,0.0198,0.2351,0.2044,0.0000,25.0281
189,1.2449,0.2120,1.1011,14.4339,2.0231,0.7008,0.2247,0.0000,0.0157,0.1989,0.1789,0.0000,20.3342
190,1.6774,0.2664,1.4820,19.6041,2.6588,0.7212,0.2796,0.0000,0.0197,0.2364,0.2078,0.0000,27.1535
191,1.7332,0.2787,1.5232,20.1450,2.7200,0.7890,0.2882,0.0000,0.0121,0.2465,0.2164,0.0000,27.9526
192,1.1078,0.2089,0.9822,12.6575,1.8039,0.5573,0.2094,0.0000,0.0156,0.2077,0.1842,0.0000,17.9347
193,1.6161,0.2548,1.4045,18.8402,2.4793,1.0564,0.3277,0.0000,0.0137,0.2352,0.2019,0.0000,26.4300
194,1.6780,0.2751,1.5242,20.8814,2.7775,0.7703,0.2839,0.0000,0.0295,0.2411,0.2296,0.0000,28.6908
195,1.3082,0.2322,1.1251,14.5872,2.0077,1.1084,0.2292,0.0000,0.0193,0.2097,0.1859,0.0000,21.0131
196,1.5974,0.2490,1.4118,18.9586,2.5596,0.7703,0.2655,0.0000,0.0164,0.2294,0.2023,0.0000,26.2604
197,1.5159,0.2473,1.3195,17.5603,2.3918,0.7879,0.2652,0.0000,0.0119,0.2301,0.2046,0.0000,24.5348
198,1.0752,0.2008,0.9436,12.1185,1.7417,0.5163,0.2077,0.0000,0.0154,0.1932,0.1779,0.0000,17.1906
199,1.5037,0.2379,1.3418,17.6666,2.4297,0.8860,0.2530,0.0000,0.0222,0.2227,0.1944,0.0000,24.7581
200,1.7298,0.2773,1.5199,20.5003,2.8016,1.1556,0.2903,0.0000,0.0234,0.2522,0.2232,0.0000,28.7738
201,1.2141,0.2404,1.0283,13.0482,1.8748,0.8402,0.2282,0.0000,0.0125,0.2162,0.1976,0.0000,18.9005
202,1.5898,0.2508,1.4212,18.8574,2.5357,0.8918,0.2624,0.0000,0.0210,0.2245,0.1983,0.0000,26.2531
203,2.4298,0.3075,1.4648,19.7717,2.5115,1.2151,0.3092,0.0000,0.0180,0.2433,0.1925,0.0000,28.4635
204,1.4687,0.2372,1.2277,16.4331,2.2508,1.1307,0.2519,0.0000,0.0129,0.2267,0.2050,0.0000,23.4449
205,1.4902,0.2404,1.3263,17.8027,2.3920,0.7984,0.2532,0.0000,0.0202,0.2212,0.1992,0.0000,24.7438
206,1.6501,0.2703,1.4217,19.3306,2.6040,1.0147,0.2784,0.0000,0.0180,0.2425,0.2317,0.0000,27.0619
207,1.3719,0.2365,1.2104,15.6091,2.1624,0.7867,0.2491,0.0000,0.0116,0.2239,0.1982,0.0000,22.0601
208,1.0237,0.1938,0.9157,11.4887,1.6772,0.4735,0.1999,0.0000,0.0125,0.1916,0.1732,0.0000,16.3500
209,1.0487,0.1916,0.9271,12.0890,1.7329,0.5254,0.1997,0.0000,0.0127,0.1844,0.1686,0.0000,17.0804
210,1.6053,0.2434,1.3771,18.7480,2.4991,0.7723,0.2609,0.0000,0.0130,0.2224,0.1956,0.0000,25.9372
211,1.6616,0.2677,1.5081,20.1090,2.7224,0.9572,0.2833,0.0000,0.0253,0.2498,0.2183,0.0000,28.0029
212,1.2855,0.2282,1.0591,13.8979,1.9599,0.8326,0.2360,0.0000,0.0114,0.2218,0.1971,0.0000,19.9295
213,1.3237,0.2193,1.1706,15.5181,2.1388,0.8361,0.2305,0.0000,0.0185,0.2100,0.1822,0.0000,21.8480
214,1.4030,0.2275,1.2147,16.1420,2.1778,0.8573,0.2415,0.0000,0.0188,0.2125,0.1916,0.0000,22.6868
215,1.5148,0.2559,1.3136,17.5143,2.3804,0.7754,0.2644,0.0000,0.0125,0.2294,0.2051,0.0000,24.4659
216,1.2199,0.2221,1.0663,13.8387,1.9363,0.6237,0.2294,0.0000,0.0152,0.2144,0.1922,0.0000,19.5583
217,1.6978,0.2627,1.4859,19.9260,2.7016,0.9718,0.2790,0.0000,0.0188,0.2403,0.2152,0.0000,27.7992
218,1.6843,0.2651,1.4534,19.5510,2.6503,1.0736,0.2898,0.0000,0.0206,0.2443,0.2192,0.0000,27.4518
219,1.3383,0.2352,1.1586,14.7970,2.0735,0.9085,0.2423,0.0000,0.0179,0.2336,0.2074,0.0000,21.2124
220,1.3840,0.2273,1.2306,19.0048,2.2334,0.9406,0.2428,0.0000,0.0179,0.2206,0.1892,0.0000,25.6914
221,1.6362,0.2565,1.3996,19.0668,2.5542,0.7124,0.2715,0.0000,0.0152,0.2468,0.2116,0.0000,26.3710
222,1.3784,0.2402,1.2150,15.8923,2.2325,0.6834,0.2511,0.0000,0.0117,0.2263,0.2047,0.0000,22.3357
223,1.0294,0.1954,0.9223,11.5887,1.6911,0.4773,0.2079,0.0000,0.0096,0.1903,0.1756,0.0000,16.4879
224,1.5544,0.2558,1.3841,18.6597,2.5338,0.7925,0.2589,0.0000,0.0280,0.2237,0.1947,0.0000,25.8856
225,1.6313,0.2582,1.4675,19.2254,2.6354,1.0307,0.2836,0.0000,0.0701,0.2363,0.2090,0.0000,27.0477
226,1.5164,0.2503,1.3038,17.4051,2.3654,0.8445,0.2692,0.0000,0.0147,0.2344,0.2186,0.0000,24.4224
227,1.4628,0.2397,1.2727,17.4172,2.3021,0.6863,0.2451,0.0000,0.0165,0.2153,0.1907,0.0000,24.0484
228,1.6502,0.2655,1.4370,19.1162,2.5948,0.8060,0.2797,0.0000,0.0182,0.2333,0.2036,0.0000,26.6047
229,1.6038,0.2606,1.3820,18.4128,2.5574,0.7300,0.2727,0.0000,0.0170,0.2422,0.2108,0.0000,25.6898
230,1.2013,0.2114,1.0666,13.8047,1.9402,0.8114,0.2242,0.0000,0.0198,0.2065,0.1829,0.0000,19.6690
231,1.4329,0.2341,1.3054,16.2456,2.2219,0.8730,0.2535,0.0000,0.0179,0.2169,0.1942,0.0000,22.9956
232,1.6061,0.2626,1.4822,19.2493,2.6105,0.7046,0.2824,0.0000,0.0184,0.2417,0.2137,0.0000,26.6716
233,1.0788,0.2080,0.9583,12.2946,1.7780,0.5756,0.2151,0.0000,0.0140,0.1979,0.1842,0.0000,17.5046
234,1.8108,0.2832,1.5838,21.0362,2.8493,1.1029,0.2930,0.0000,0.0329,0.2496,0.2192,0.0000,29.4611
235,1.7845,0.2820,1.5528,20.7223,2.8133,0.8180,0.2942,0.0000,0.0143,0.2480,0.2202,0.0000,28.7496
236,1.2889,0.2267,1.1010,14.3635,2.0366,0.7426,0.2347,0.0000,0.0121,0.2124,0.1919,0.0000,20.4104
237,1.6195,0.2552,1.3999,18.6741,2.5296,1.0599,0.2635,0.0000,0.0157,0.2241,0.1970,0.0000,26.2387
238,1.6424,0.2658,1.4335,19.2657,2.6134,0.8490,0.2732,0.0000,0.0242,0.2304,0.2062,0.0000,26.8038
239,1.3294,0.2315,1.1373,15.0307,2.0810,0.7294,0.2387,0.0000,0.0110,0.2180,0.1960,0.0000,21.2031
240,1.3566,0.2251,1.2052,16.0133,2.2243,0.7526,0.2398,0.0000,0.0164,0.2133,0.1880,0.0000,22.4350
241,1.5841,0.2577,1.3886,18.3667,2.5135,1.0725,0.2708,0.0000,0.0183,0.2384,0.2203,0.0000,25.9311
242,1.6525,0.2749,1.4619,19.5939,2.6507,0.7712,0.2863,0.0000,0.0129,0.2534,0.2214,0.0000,27.1794
243,0.9808,0.1916,0.8885,11.2016,1.6064,0.4657,0.1946,0.0000,0.0100,0.1825,0.1679,0.0000,15.8896
244,0.8538,0.1610,0.7426,9.4001,1.3727,0.4810,0.1665,0.0000,0.0080,0.1565,0.1445,0.0000,13.4869
245,1.4617,0.2241,1.2971,17.5046,2.3655,0.7538,0.2415,0.0000,0.0198,0.2042,0.1798,0.0000,24.2523
246,1.5279,0.2490,1.3438,17.7246,2.4453,1.0884,0.2617,0.0000,0.0210,0.2371,0.2091,0.0000,25.1080
247,1.5076,0.2561,1.3001,17.3636,2.3535,0.8148,0.2667,0.0000,0.0137,0.2379,0.2082,0.0000,24.3225
248,1.2097,0.2119,1.0798,14.0527,1.9620,0.6352,0.2208,0.0000,0.0317,0.2007,0.1823,0.0000,19.7871
249,1.5187,0.2484,1.3549,18.3310,2.4593,0.6242,0.2534,0.0000,0.0414,0.2195,0.1947,0.0000,25.2457
250,1.7304,0.2845,1.5368,20.3576,2.7462,0.7694,0.2848,0.0000,0.0221,0.2475,0.2153,0.0000,28.1946
251,1.1788,0.2125,1.0121,12.8934,1.8304,0.7820,0.2249,0.0000,0.0233,0.2021,0.1842,0.0000,18.5438
252,1.5082,0.2516,1.3470,18.0840,2.4478,0.5958,0.2631,0.0000,0.0275,0.2318,0.2077,0.0000,24.9647
253,1.5511,0.2537,1.3365,17.8730,2.4190,0.8367,0.2667,0.0000,0.0253,0.2362,0.2092,0.0000,25.0075
254,1.4598,0.2454,1.3240,17.4601,2.4064,0.5965,0.2562,0.0000,0.0202,0.2272,0.2030,0.0000,24.1989
255,1.2152,0.2107,1.0876,14.0667,1.9722,0.6440,0.2198,0.0000,0.0305,0.2038,0.1797,0.0000,19.8305
256,1.5330,0.2452,1.3443,17.7952,2.4484,1.0002,0.2586,0.0000,0.0177,0.2256,0.1993,0.0000,25.0678
257,1.7536,0.2697,1.4457,19.5464,2.5945,0.7961,0.2765,0.0000,0.0221,0.2400,0.2119,0.0000,27.1567
258,1.2174,0.2225,1.0839,14.0624,1.9900,0.5126,0.2305,0.0000,0.0203,0.2175,0.1943,0.0000,19.7516
259,1.5995,0.2669,1.4387,19.0392,2.6284,0.8191,0.2686,0.0000,0.0543,0.2327,0.2091,0.0000,26.5568
260,1.5066,0.2493,1.3337,17.8559,2.4326,0.7986,0.2592,0.0000,0.0346,0.2278,0.2026,0.0000,24.9011
261,1.5471,0.2512,1.3439,17.9350,2.4188,0.7193,0.2621,0.0000,0.0184,0.2292,0.2059,0.0000,24.9308
262,1.1890,0.2079,1.0588,13.9529,1.9617,0.6633,0.2182,0.0000,0.0223,0.2019,0.1790,0.0000,19.6551
263,1.6174,0.2590,1.4069,19.0035,2.5600,0.7536,0.2699,0.0000,0.0343,0.2367,0.2057,0.0000,26.3471
264,1.6636,0.2667,1.4516,19.2528,2.5963,0.7220,0.2838,0.0000,0.0141,0.2467,0.2181,0.0000,26.7158
265,1.1890,0.2215,1.0596,13.7410,1.9537,0.5762,0.2342,0.0000,0.0108,0.2182,0.1961,0.0000,19.4003
266,1.5992,0.2578,1.4293,19.2286,2.6300,0.7507,0.2707,0.0000,0.0197,0.2353,0.2084,0.0000,26.6298
267,1.5800,0.2565,1.3750,18.5087,2.4953,0.8540,0.2689,0.0000,0.0190,0.2353,0.2090,0.0000,25.8019
268,1.2989,0.2274,1.1041,14.3871,2.0271,0.7978,0.2350,0.0000,0.0142,0.2140,0.1930,0.0000,20.4987
269,1.0976,0.1987,0.9713,12.5844,1.7820,0.6809,0.2064,0.0000,0.0154,0.1918,0.1736,0.0000,17.9023
270,1.5035,0.2412,1.3201,17.5082,2.3840,0.6934,0.2529,0.0000,0.0228,0.2238,0.1954,0.0000,24.3454
271,1.6140,0.2679,1.4378,19.1499,2.6287,0.7817,0.2816,0.0000,0.0213,0.2539,0.2243,0.0000,26.6612
272,1.4860,0.2533,1.3950,16.7736,2.3015,0.8133,0.2648,0.0000,0.0164,0.2457,0.2257,0.0000,23.7754
273,1.5221,0.2536,1.3433,17.7919,2.4193,0.9160,0.2692,0.0000,0.0203,0.2408,0.2036,0.0000,24.9803
274,1.7090,0.2698,1.5180,20.4183,2.7452,0.8365,0.2852,0.0000,0.0200,0.2459,0.3633,0.0000,28.4114
275,1.3332,0.2300,1.1414,14.9764,2.0787,0.7373,0.2405,0.0000,0.0099,0.2168,0.2060,0.0000,21.1705
276,1.1083,0.2047,1.0035,12.6525,1.8133,0.5419,0.2088,0.0000,0.0124,0.1922,0.1756,0.0000,17.9134
277,1.6397,0.2572,1.4065,19.2205,2.6031,0.7825,0.2710,0.0000,0.0146,0.2333,0.2050,0.0000,26.6337
278,1.5049,0.2555,1.3089,17.3774,2.4006,1.2959,0.2615,0.0000,0.0654,0.2302,0.2050,0.0000,24.9054
279,1.1602,0.2096,0.9738,12.5049,1.8174,0.7701,0.2171,0.0000,0.0197,0.2015,0.1921,0.0000,18.0665
280,1.4062,0.2339,1.2486,16.5821,2.3009,0.5907,0.2460,0.0000,0.0289,0.2184,0.1956,0.0000,23.0516
281,1.7106,0.2711,1.5116,20.0228,2.7163,0.9171,0.2789,0.0000,0.0565,0.2423,0.2093,0.0000,27.9369
282,1.5130,0.2646,1.3024,17.2465,2.3664,0.8511,0.2627,0.0000,0.0275,0.2378,0.2092,0.0000,24.2814
283,1.3575,0.2272,1.1665,15.4007,2.1274,0.7985,0.2363,0.0000,0.0514,0.2139,0.1904,0.0000,21.7704
284,1.6261,0.2567,1.4001,19.0158,2.5621,0.8928,0.2722,0.0000,0.0430,0.2310,0.2020,0.0000,26.5020
285,1.7559,0.2765,1.5419,20.5198,2.7849,0.7862,0.2857,0.0000,0.0270,0.2448,0.2148,0.0000,28.4376
286,1.1957,0.2184,1.0316,13.4823,1.8610,0.5179,0.2280,0.0000,0.0225,0.2088,0.1931,0.0000,18.9594
287,1.5292,0.2423,1.3627,18.0186,2.4558,0.7512,0.2529,0.0000,0.0165,0.2229,0.1934,0.0000,25.0457
288,1.5132,0.2504,1.3215,17.6625,2.4213,1.1335,0.2617,0.0000,0.0217,0.2306,0.2054,0.0000,25.0219
289,1.4420,0.2482,1.2091,16.1706,2.2231,0.8260,0.2561,0.0000,0.0132,0.2346,0.2194,0.0000,22.8425
290,1.0161,0.1916,0.8995,11.2662,1.6571,0.5043,0.1982,0.0000,0.0117,0.1859,0.1714,0.0000,16.1022
291,0.9222,0.1722,0.8153,10.5110,1.5096,0.4950,0.1777,0.0000,0.0237,0.1715,0.1523,0.0000,14.9507
292,1.4622,0.2309,1.2768,17.2078,2.3264,0.6716,0.2377,0.0000,0.0323,0.2233,0.1839,0.0000,23.8532
293,1.6062,0.2560,1.3985,18.8051,2.5302,1.0291,0.2623,0.0000,0.0191,0.2388,0.1975,0.0000,26.3429
294,1.3730,0.2331,1.1642,15.5121,2.1271,0.8371,0.2406,0.0000,0.0157,0.2221,0.1906,0.0000,21.9158
295,1.2529,0.2175,1.1079,14.3669,2.0198,0.9977,0.2276,0.0000,0.0226,0.2089,0.1864,0.0000,20.6088
296,1.7926,0.2792,1.5465,20.9193,2.8096,1.0314,0.2915,0.0000,0.0185,0.2501,0.2192,0.0000,29.1580
297,1.6382,0.2648,1.4205,19.1372,2.6033,0.8690,0.2707,0.0000,0.0191,0.2369,0.2048,0.0000,26.6647
298,0.9505,0.1785,0.8286,10.4113,1.5155,0.5698,0.1841,0.0000,0.0115,0.1775,0.1584,0.0000,14.9860
299,1.3547,0.2320,1.1585,15.5907,2.1544,0.6950,0.2222,0.0000,0.0157,0.2053,0.1725,0.0000,21.8013
300,1.4881,0.2398,1.2815,17.2717,2.3264,0.7944,0.2594,0.0000,0.0180,0.2188,0.1939,0.0000,24.0925
301,1.7225,0.2761,1.5185,20.2679,2.7253,0.7162,0.2918,0.0000,0.0118,0.2491,0.2180,0.0000,27.9974
302,1.6783,0.2671,1.4993,20.3549,2.7131,0.8795,0.2826,0.0000,0.0212,0.2780,0.2167,0.0000,28.1908
303,1.9209,0.3004,1.6746,22.8254,2.9838,1.1146,0.3112,0.0000,0.0192,0.2705,0.2437,0.0000,31.6645
304,1.5032,0.2629,1.3169,17.3875,2.4065,0.7125,0.2665,0.0000,0.0131,0.2382,0.2129,0.0000,24.3203
305,1.5514,0.2456,1.3685,18.4261,2.5320,0.8942,0.2590,0.0000,0.0183,0.2254,0.2011,0.0000,25.7219
306,1.5240,0.2520,1.3287,17.6009,2.4338,1.0487,0.2642,0.0000,0.0182,0.2339,0.2090,0.0000,24.9135
307,1.7218,0.2805,1.5629,20.1495,2.7551,0.8342,0.2905,0.0000,0.0130,0.2530,0.2225,0.0000,28.0831
308,1.4844,0.2450,1.3161,17.3046,2.3952,0.9023,0.2718,0.0000,0.0210,0.2237,0.2003,0.0000,24.3645
309,1.4198,0.2364,1.2606,16.0842,2.2310,1.1609,0.2508,0.0000,0.0213,0.2204,0.1983,0.0000,23.0838
310,1.4145,0.2388,1.2155,16.0379,2.2134,0.7366,0.2501,0.0000,0.0108,0.2241,0.2160,0.0000,22.5578
311,1.2043,0.2124,1.0415,13.8282,1.9397,0.7408,0.2205,0.0000,0.0164,0.2050,0.1905,0.0000,19.5993
312,1.5453,0.2497,1.3052,17.8169,2.3861,1.2037,0.2646,0.0000,0.0230,0.2252,0.1982,0.0000,25.2183
313,1.4720,0.2475,1.3003,17.3632,2.3459,0.7578,0.2569,0.0000,0.0263,0.2271,0.2014,0.0000,24.1986
314,1.4288,0.2391,1.2268,16.2702,2.2669,0.9769,0.2490,0.0000,0.0171,0.2271,0.2111,0.0000,23.1132
315,1.6821,0.2647,1.4525,19.4957,2.6409,1.1630,0.2785,0.0000,0.0203,0.2401,0.2115,0.0000,27.4496
316,1.6906,0.2680,1.4512,19.6140,2.6683,0.8311,0.2854,0.0000,0.0253,0.2516,0.2199,0.0000,27.3057
317,1.2045,0.2187,1.0525,13.7650,1.9349,0.7598,0.2254,0.0000,0.0161,0.2113,0.1930,0.0000,19.5813
318,1.6940,0.2555,1.4534,19.9013,2.6646,0.9642,0.2771,0.0000,0.0171,0.2322,0.2032,0.0000,27.6629
319,1.5057,0.2447,1.2804,17.0739,2.3550,0.8661,0.2547,0.0000,0.0175,0.2231,0.2025,0.0000,24.0239
320,1.4623,0.2504,1.2576,16.6537,2.2962,0.7559,0.2501,0.0000,0.0124,0.2236,0.1957,0.0000,23.3582
321,1.3303,0.2195,1.2033,15.9268,2.1622,0.4968,0.2319,0.0000,0.0142,0.2079,0.1824,0.0000,21.9754
322,1.6034,0.2539,1.3812,18.8138,2.5017,1.0519,0.2712,0.0000,0.0208,0.2322,0.2043,0.0000,26.3346
323,1.7878,0.2852,1.5409,20.8248,2.7990,0.8010,0.2897,0.0000,0.0125,0.2484,0.2220,0.0000,28.8113
324,1.3590,0.2276,1.1543,15.1110,2.0938,1.4837,0.2380,0.0000,0.0217,0.2163,0.1900,0.0000,22.0956
325,2.8461,1.6031,1.4948,20.3984,2.7155,1.1074,0.2894,0.0000,0.0217,0.2482,0.2193,0.0000,30.9440
326,1.4900,0.2488,1.2864,17.0582,2.3468,0.8249,0.2618,0.0000,0.0198,0.2331,0.2088,0.0000,23.9788
327,1.0716,0.2011,0.9423,12.0934,1.7312,0.5796,0.2076,0.0000,0.0131,0.1945,0.1793,0.0000,17.2138
328,1.5324,0.2405,1.3585,18.1770,2.4734,0.9012,0.2557,0.0000,0.0202,0.2196,0.1968,0.0000,25.3755
329,1.6222,0.2571,1.4006,18.7597,2.5340,1.0032,0.2675,0.0000,0.0294,0.2360,0.2072,0.0000,26.3173
330,1.2043,0.2207,1.0428,13.2955,1.9061,0.7158,0.2244,0.0000,0.0100,0.2212,0.1886,0.0000,19.0294
331,1.2082,0.2162,1.0851,14.0135,1.9775,0.8172,0.2253,0.0000,0.0155,0.2064,0.1883,0.0000,19.9533
332,1.6406,0.2602,1.4153,18.9151,2.5712,0.8776,0.2775,0.0000,0.0160,0.2440,0.2070,0.0000,26.4248
333,0.8318,0.3458,1.3478,17.9149,2.4030,0.9522,0.3636,0.0000,0.0189,0.3167,0.2811,0.0000,24.7757
334,0.9848,0.2710,1.1365,12.0875,2.0444,0.6998,0.2929,0.0000,0.0159,0.2599,0.2334,0.0000,18.0261
335,3.9347,1.5022,1.3942,12.3125,2.5122,0.8492,1.5836,0.0000,0.0197,1.5772,1.4157,0.0000,27.1014
336,4.8588,1.3771,1.4879,25.9452,2.6389,0.7430,1.4373,0.0000,0.0288,1.4049,1.2482,0.0000,41.1702
337,1.1464,0.2320,0.9510,15.5532,1.7186,0.5217,0.2390